Actual_LTV,Predicted_LTV_RF,Predicted_LTV_XGB
450896.3917906156,571411.0137052252,582853.9
276471.9993383292,377640.49790265993,391002.75
89478.86413894786,80315.45139166912,136380.34
58057.99703316145,97857.65780582324,85875.68
61033.69193727748,73384.46252662575,34807.93
631166.5380746932,571612.0846998403,513288.3
142130.08320307638,147110.60824257976,225754.88
1072120.1704589466,1090218.999727913,1132214.6
123471.39694867026,83873.08241921967,131697.4
104458.29387547476,134773.05342944554,142697.75
765516.2225545385,1069701.4203381692,1126204.5
863532.9744219087,905963.1609686769,984321.2
1259719.0336414317,1025722.048006964,941034.4
481955.565253917,613815.035486624,632332.9
653979.5521319446,755721.3408089121,649350.75
465265.6643863437,407185.64045647177,404102.7
154295.1054159392,209729.07210739472,173635.14
16076.5056393276,16764.86231262658,4347.101
1895210.166280897,1709939.7761434836,1671097.6
9178.307432151778,18161.30109975657,80817.305
1620149.9504878048,1431985.9136286513,1458998.9
907697.22390416,850433.7693072003,942102.6
533352.7450183237,385082.734175194,347770.16
177887.82952891084,134803.48529719203,111228.77
327114.6361917221,455968.32561314554,433141.25
278278.8327232477,371979.6962330588,347766.06
763812.828916399,774407.8606751985,802575.94
1202433.335493475,1230589.2848579464,1178951.8
245929.7408597968,263684.85911460535,213208.48
458853.927531582,540580.0190666207,584664.25
1530219.675557486,1204961.6462565688,1247496.6
184066.14355342265,176384.90605937067,189247.72
59330.51736154356,79142.14618837908,60357.727
241686.9746690481,165450.39771030506,186896.27
300048.5856810919,286649.08667215845,287710.72
701721.1378180857,747984.8077720496,797734.06
538119.0681499199,817626.7385517511,874345.56
57890.55688529197,76980.7896403857,64365.066
297991.7292113795,292370.72167873365,284594.62
175602.40307181742,189441.48576504458,180982.52
334614.69069613,267187.20505348546,346750.38
802027.9111276666,871950.6209549713,862398.06
1164322.059239197,1359836.18122442,1473102.5
247552.6117457964,389198.75600821135,455430.1
576909.8460101753,800799.7638623697,941882.9
425986.239865381,379610.72079231037,407571.25
55817.24370333555,42854.74451419743,51328.297
120356.87380839667,209613.03261210973,198477.7
72247.79690702175,107351.99868148049,68686.305
704532.6865682094,600790.9527201783,734419.06
1846569.6820915416,1698922.237475395,1786726.4
6300.978674120697,15403.408777158744,12764.828
47888.21248276584,57944.30569382553,36929.473
1407636.4143027111,1150512.9585729304,1016225.44
756087.0657263574,1130143.0384342987,1227398.1
748948.5531138848,1051715.2873072329,1087990.0
30218.30336578901,30630.535904266642,38592.586
61964.90384994523,90103.90442456696,104771.625
757641.6965849723,767763.696863183,654677.3
630363.2100555168,616174.0905719221,555114.25
157675.22199200926,132351.99941174805,104062.22
600316.2596447377,434005.4406750767,397110.97
300992.0303198284,130449.93075954483,129783.44
558496.9875258544,643596.017773228,686198.3
333593.9507444844,480780.93748475576,528126.94
1429687.6362262643,1392091.1320783284,1453617.1
41012.46491949053,36207.2557782941,24405.51
570639.9613677758,725800.6430563931,804597.5
1113454.6996858583,1187452.1586219687,1204212.4
30213.234891959502,49274.015127582235,37675.77
903698.9464778,1013562.6654275365,924563.9
1439296.919052954,1694059.4417354972,1686830.6
246732.50732209723,274671.6183192344,210392.4
1824308.4522112196,1579945.779248808,1548228.6
78748.15438138373,91755.56347238967,119986.86
1000087.2705818577,1325312.175028962,1163472.1
177249.28760438674,239929.37214872878,178908.33
277934.8393261676,410669.93543162144,398431.4
11825.023592210931,13667.996369618006,7783.301
52388.89712340826,56632.408257960786,21178.062
260734.375607452,309424.1437959294,318148.2
219564.69365108924,271888.96901156625,243383.28
171477.17350984554,307317.11071690917,167794.25
605650.5844730544,678047.6737973526,560785.1
53985.62377964192,51855.577508463764,42431.543
543804.6968469799,297146.6778261569,372820.3
218987.43144830829,286418.86334825883,298577.62
1055067.6294478772,940898.682215463,944438.6
163159.93464450553,155003.97383735905,145110.34
197726.0183411904,228364.03344439022,215204.1
428573.6093679384,650424.8552207279,631645.6
835158.3905600146,761370.5662926441,799496.6
789928.1396819284,864889.9672365783,900510.4
120311.01866597352,115702.06159096715,83821.5
366871.115378856,418096.97456146585,474038.3
108207.08420883823,150285.2964974144,143993.75
1001193.9656772184,521047.7039354544,523191.8
43684.53289182231,48728.725649504086,86907.07
39268.38001211672,64435.91357403193,33066.78
422106.1512638946,267287.28771458927,238228.94
1533738.987333081,1372282.340886771,1526279.4
59151.7423606782,78532.12519905432,82128.984
1893575.3491935392,1760304.2293906768,1855704.4
778176.7213410626,794318.721193319,832854.75
802570.48126026,775178.9510436809,724500.1
155886.09360440788,226727.4102891456,190703.92
532381.0889317158,554893.8791341485,585949.1
998814.4297915763,1147562.1786929385,1095945.5
887242.1946695029,815028.0664783047,904060.6
399704.8524807353,439731.305484374,517072.75
323436.17493616976,220080.74360829475,288662.4
673703.8482322058,516719.95337296696,504772.38
686292.6446988775,723384.0830236997,798631.6
731233.9957593188,785352.1252340291,877307.56
562604.2367689763,712953.4363397333,749471.75
862782.3469029407,769796.7542675505,578453.8
135621.95514329727,228487.58112849193,111635.625
760039.9291644717,1001196.8873366879,1060518.1
509677.2240643875,577370.7134787613,591580.25
1016272.325100476,572785.6611919914,602493.8
228769.7294679804,267149.97208349884,262332.12
137339.1211581172,186962.03490549623,171012.22
383671.5541509672,266175.8462835189,265957.0
469984.9256918274,507234.5622985451,451000.06
26279.94423945711,40043.90883236533,58269.027
438883.5544934776,339140.73894831137,364174.25
35701.192336328255,48027.46295857649,44786.453
934893.3521130186,748561.5177678649,774707.6
116579.40760143226,164935.5300848815,146431.33
730018.336687815,1035406.0726493509,893298.75
1067482.8893881375,1395091.4019103693,1312016.1
253810.52221690415,252180.8468758429,180412.83
489969.8518763366,338086.38893691567,295640.03
1377330.324039096,912719.9701772507,910426.56
20644.585436402187,16640.621902317278,22131.393
423026.4110947494,491442.40178502235,464873.12
268816.9684895078,274051.275101486,254949.3
219549.26369033923,308877.56672704563,217609.92
1213637.0254146557,897178.5462041391,932003.0
43561.43139002424,71846.12920039192,46023.1
232291.7211846809,246724.18950096154,132093.23
262359.5721883565,349268.79924743675,263149.38
974243.907297742,1009737.1350839509,1078467.8
50510.45055416975,59325.04134055001,62848.367
520162.7676782084,755113.5912153902,692969.94
323939.43846444314,285782.07230593165,295637.56
123973.07942223384,151216.3215110297,-2846.8682
519384.5747825708,696013.0707582391,542689.2
25849.570876715432,42704.42182267923,49165.277
166352.636611433,131056.52246128787,177598.55
50381.76954655524,49769.14197666334,65834.695
530470.8219737347,736763.1559884291,889231.1
264333.5891741434,226399.00432002553,283655.5
81332.96072472968,111151.64924352996,77174.88
517280.6177819422,692253.3013555199,705522.5
155933.705525992,183002.12637550998,179917.56
175900.8575411381,213044.34785613022,184091.06
163207.10798750992,187175.87387234415,195668.95
636024.7775502043,601016.2301627024,630094.4
40218.4327469984,58578.75484702909,16319.014
513197.5394494258,577490.4938098784,583084.7
897399.7380514964,855775.9564723688,853175.7
183259.76464286188,169781.05192184125,200386.8
367604.62659246015,425487.977526297,397418.78
289094.8264612091,272991.4403249956,207425.7
245402.09267635655,224081.4769618591,216755.61
38203.65197904984,52260.514356759406,81833.22
1210701.0687003864,1221095.4602789478,1420468.2
200677.42748819504,279291.66637278,276140.56
624583.4637939517,618856.6583323342,643359.94
579224.5217494289,760178.3411745451,725656.3
99537.21671023562,151444.0927537386,167546.69
853749.9421958745,796905.6116033238,814677.4
106815.15110660747,78525.72148060163,77731.97
143779.0697325287,126642.22521441108,172940.73
538682.463179723,720401.5284512048,696770.9
359802.0450397308,636955.80576322,539724.6
299266.7584272562,214438.3142115707,236424.16
39254.8406463394,27185.25754050391,40110.28
1169016.9459915217,1339029.6775118697,1450902.9
164563.41304634075,87327.76340628111,74029.195
41492.29144402977,60038.65887561097,14849.418
138558.73886469888,253400.78524999236,134297.5
76036.08767076957,110394.11103406808,124375.77
364985.3193777127,456086.55366358376,421628.8
296778.2804993612,473737.0157163953,531991.1
362757.33568394097,554689.2540303608,390008.66
488145.3701431413,627849.069708282,593912.06
232808.35738830615,287875.1660018733,257842.4
331104.0831556523,376469.701425261,503012.06
503899.78435458656,600785.8839377852,553323.06
37780.45343671214,37068.663893000856,111098.01
1233784.2748984972,969601.525241517,976586.75
385146.73042241705,354841.2054853741,373459.97
81583.04864348828,119589.50436722765,94506.87
118919.93343549472,202105.13377733386,157003.89
177656.60912427728,214897.56465043436,152254.44
482565.1114089369,489226.9504967168,533105.75
206775.59490263165,234161.18007590115,240256.83
507999.7387491734,850494.1071971081,761808.25
888863.7279174275,776646.2784292325,499044.38
423764.1786943149,367073.471086874,393664.34
44674.623172275766,51329.9869278851,23500.06
114785.16488845558,163554.3351558271,222462.53
356194.37343245273,522483.05639872426,431383.1
831246.2987716995,616739.062736095,738871.8
680618.311703933,441207.5938452214,535398.9
124578.10126372176,107383.34204564927,129859.48
391360.5244596861,395665.08670311107,398504.16
27982.96480352014,36078.40475440384,48304.906
129141.61819743837,143261.81625962313,133914.28
140792.81532828888,268337.36734216876,223093.72
9773.54927239418,17926.954439047007,-10206.855
127622.7819727836,178747.306251303,242207.7
364544.6082178224,230762.18017665177,184290.5
495114.73818437685,342628.1576321911,328994.4
378311.6493906725,473408.1353968665,480258.38
552128.4195356994,601993.7754790398,624742.56
477423.6797610478,600681.2363787263,653104.1
863731.0778452327,854240.4178441231,950612.25
536227.0538906113,772038.1562093426,765018.4
60063.01514062795,68856.4027952058,79422.5
643067.2849566638,757002.6702774597,710603.2
890302.140004858,821049.1389459814,869099.0
390803.35200469446,583064.3183061015,600727.4
274832.5256358359,278092.35952468606,256987.8
453238.6715278041,421496.54438222834,413582.4
29034.956428425725,39715.27682167431,-9699.05
808994.9569278294,646146.5802493909,643890.94
411046.8255032889,438926.07539433776,354885.84
601333.0309585574,635530.2527520973,610673.2
256674.78528015065,340859.63870674087,321546.5
889535.3388571081,925742.672034376,1050820.5
241351.12188607964,351689.0876702996,287087.8
1295759.618334135,1303983.56748569,1301946.0
163925.2184557422,182114.8004842001,184983.95
661915.4940164584,615448.7172342413,598356.56
520149.4571783339,686689.9521935759,725765.44
75789.70839501065,56523.26517200449,80222.14
408606.7602065974,258587.5308061283,217793.11
302442.91523940203,277723.9652750662,310600.1
459959.2535012391,484580.6239109709,539969.8
923174.18494462,1177806.4918537983,1145970.1
89078.58577663412,111272.28669694565,137155.61
581364.4000076099,443476.835688529,473929.28
233296.862880386,486463.8907712634,444235.12
18345.06307219641,17895.06204568539,-21868.107
67068.44250769346,123590.94953494046,92569.12
591745.5915230236,545312.7986654022,568304.06
741791.0175921596,833747.8173625031,701808.4
162105.7254287146,153920.46542807418,172236.25
951273.1026479948,873304.3795973229,1168599.9
96698.07357057209,123222.65574701937,178332.45
974329.2268272548,1025604.1926105528,1053500.9
34050.53415125601,29238.73265997304,-8643.01
205910.3792458248,156089.86689830743,129020.17
805348.473474698,933709.9353600022,991508.0
760122.8419679261,813761.7874966119,835541.7
947586.22439592,939997.0892926948,932761.56
9379.669809959974,11201.872134821573,33981.55
140296.44842478863,112602.7920209118,129176.61
370541.1412900452,596698.3119158895,576410.56
82432.28483852652,103052.31508536052,164162.06
430960.7950685117,533587.5970604713,576627.8
104707.0049549656,170417.9147510586,198900.62
568056.3313848259,688920.0090161111,680326.4
426364.33356073766,282865.18899562635,282221.97
459998.9649248245,530345.0028139906,565367.7
941781.6991249614,1102219.3658350091,915679.06
650834.8433690777,661723.8537180704,624388.1
369198.05257185525,364429.9120919652,364100.16
176354.53910890303,289042.18267914245,262982.8
154542.99167358957,102690.58115946647,119429.1
217597.61873651383,331829.7749507091,338857.38
612364.7434098162,782260.4531037085,868737.9
61878.9200052865,40104.426020525905,45706.91
54096.609758294966,76603.8310238642,154826.05
233552.0609226381,257499.69819891045,297712.66
1788429.8083681562,1661780.9216258347,1702143.1
1419832.2632222937,1252151.4386406825,1232152.4
205044.00498746696,237583.75488923676,219432.94
577847.3703804943,713570.8047151713,711723.9
532744.1313865178,686264.5720975294,817408.56
163903.70738486803,156927.46027865843,118964.6
924877.963927168,806908.8955477678,709236.56
1710336.4545574372,1638369.413160553,1625501.8
335646.3215716208,445195.2179609761,416622.25
682497.4213047128,433133.4917818191,412714.25
647805.5555268022,842366.4309697906,837992.3
179983.7857247013,101117.77405206855,143385.95
80709.88413664908,85068.1231888504,95298.445
387116.0936068545,359097.9343407327,280037.1
527983.0596614219,718953.9219714295,669873.75
126016.1870637181,188531.1346217357,166356.81
540513.7957732659,568835.5008583784,469049.84
22204.751359441318,22880.993291784478,13566.712
1038810.5273204484,746780.5299019882,766142.4
1485567.1060669986,1434960.611463244,1447275.6
319454.4816317535,474863.69807263353,493228.1
986248.4366403724,947627.7717244972,812399.2
112054.14513469432,151885.0086327629,119094.27
206783.76489119575,396947.40165241645,343106.9
189587.3946815531,327224.03341060114,451510.47
132796.57514578314,118628.55506192592,157147.73
454610.96214725374,595988.8909094515,538589.94
651723.5143778811,770767.8575117012,822728.8
12372.999607275226,19544.033512731163,8313.174
539659.3843652738,549320.0009888818,544835.2
17037.789748660914,15531.21274970004,74416.28
132496.84317425542,132603.47085299098,129358.45
30409.046400272,38554.511637377815,67250.31
266548.92032751814,461692.8519134143,393646.2
184171.60106865963,310131.5617128333,316530.34
642093.0999052537,862756.9465879299,623737.1
1337907.473757222,1453012.073841258,1344102.0
878869.3930436677,859021.2217956962,836733.5
499084.1457444776,621841.025720449,561863.94
95024.42814391346,85244.01771337638,82402.72
1208663.591436283,1298638.6005528485,1324677.5
41535.8401230901,35091.08726624244,19714.186
194859.8925438533,261570.757533418,270324.7
132518.21128885343,239571.32225303556,220669.86
115152.62589224582,153337.5012477519,160458.64
477288.79734715616,748424.8363315398,663913.6
790644.1288183201,770905.6123799472,669211.56
355893.86520051403,562501.459012376,547856.5
1097481.0388799529,1227364.8931328545,1222051.2
244532.01103497137,255130.61750232332,241272.88
349626.92470797664,404177.9255887257,396174.72
719981.0876829547,787382.2546494119,631255.56
834017.1057405893,999716.4176632604,979889.0
27697.721200682485,32369.585325010034,23349.945
53229.27641376259,70129.76062036198,87953.13
58206.31520265376,52971.66308914727,81570.14
988721.9254176904,961451.7360779478,943222.7
1583402.9331598706,1220692.2462848276,1318518.1
462631.5291309467,504945.53074160585,659692.75
72546.56741991782,78308.57482313341,134403.3
34579.61381658075,42931.8886261895,76272.01
464621.5096292016,403120.3391837344,393943.16
265730.0388207077,179731.6543081935,197694.53
581876.6959237608,968686.6872733714,881105.25
195588.92056419124,138337.2770022165,139781.11
27289.5517703446,38531.33531592215,29208.236
184157.88708710935,197351.87548370034,159710.72
141366.1218515614,254226.08504525863,221941.16
22338.171702215528,31688.466545755204,21697.77
131921.94639094936,115552.16484118068,106654.664
519297.14287445205,604647.486914209,566516.25
1175386.6477052171,1129588.8613381865,1340963.9
88692.8264842738,73275.41675440728,116130.445
680970.0808222702,886668.9415604225,752919.94
205073.10436911604,187601.66887632973,250246.55
332801.35482069675,379744.69981463236,358565.72
1369381.6482897494,1608539.1601583317,1463442.2
1010967.536048368,982461.7971936058,971426.5
286759.70792437694,395615.53978073614,370110.0
436556.7898662384,368627.24607646087,357507.94
306248.58103067847,354235.92039294523,325254.66
1004576.292744604,1123747.5995349586,1093302.2
623611.0367797969,752161.6153464206,837598.44
780268.1875580262,472825.11048839596,405467.72
850912.0597781639,764038.7039677671,755336.44
32430.85501666034,55871.19590872669,47971.312
669705.992788579,825570.5424477664,891060.8
87947.82273987896,99790.68704212272,115611.37
113232.9997095086,163032.66017977352,104395.2
269565.1994489528,391878.90832899784,431295.6
290723.35533286387,255900.55717800342,204932.0
304760.0260136125,351234.6496263591,344629.0
582065.3496689732,687904.6557922603,591097.25
1388475.8900491025,1302665.9353611497,1170974.5
429610.6164255827,547671.9966747579,600617.3
230642.59330058185,373316.8182121998,270416.7
672393.1244619051,774915.6038666954,744184.7
242773.6491638848,250270.56360036175,209922.95
1170890.8635149167,1047819.1293026598,999599.0
909699.5974164744,989563.2049629778,933672.3
562759.1560092928,897466.9964831746,995689.56
1032789.6917135236,975723.1474922001,811479.06
392174.0062148397,409795.0481470235,444712.62
288238.5237247938,374518.8085886428,324122.03
1130579.866416624,1115926.4547681108,1194376.8
168817.5866674087,266136.54219763953,207636.05
57651.90731717591,50536.31347127337,72770.375
506737.0537249512,526477.8097135312,514958.38
1854080.5883116263,1732425.035751259,1642528.0
16184.504338078965,18578.757918553994,53488.137
126333.80761394084,165740.43851818083,144008.2
1776303.092155457,1590085.731026678,1503078.8
1494252.2086339437,1282046.4842765534,1291087.5
34570.59916806589,55618.908112934456,75984.4
493694.7605379813,475188.8300683192,464654.3
1283998.5681721356,969979.7708689503,943153.1
1209178.371887944,1132851.2556545818,1048492.8
1250995.9173350392,1146865.9949050664,1188404.5
814502.407339781,604280.3490750738,506242.9
612888.5571889696,568721.0299648112,525304.06
289344.261189967,215255.18966573515,145981.86
1249198.3539945136,1224448.9531271402,1118926.5
1150493.5964545663,1330552.5812839298,1310235.0
400230.9836508035,412537.9648776836,417534.4
21374.515001932166,20228.885076841387,-6883.1963
1433528.6436851248,1426060.6007852466,1432682.6
211129.21006197296,118170.56097491374,154207.11
882400.3423676465,847248.3668297805,722787.0
229962.4535411744,243186.0779872736,242893.05
26061.56771874472,33639.09450499416,25984.248
1321013.5489197515,1386922.3247686722,1156238.9
116305.40315330826,116616.46613110979,107327.836
315447.2882354866,541818.1498874752,534829.44
467395.581120184,397599.2565579806,371925.7
1533195.8312062465,783134.0152635996,963239.75
1487528.1941679989,1446860.2903609076,1518514.5
819972.3490011896,740220.5340035014,711081.56
842920.5629685425,790090.9313447317,820022.2
30768.557029441683,40697.79954766238,28342.826
345103.9092712933,270687.7975398305,263920.28
400826.6808189295,368589.8977687496,420489.3
258037.3810259064,387032.0349757123,463390.3
1027087.4439049,852120.9605304118,776585.3
313239.05893924274,264295.7899391732,259805.33
99494.82241348614,121005.01850180233,122375.836
209039.1639551081,220853.3851338739,315321.03
31367.060679857783,32769.99043971396,300.80457
20781.80461926157,23682.463579606916,103306.99
94278.77610645116,151615.7447591584,148733.84
420279.89977077866,379328.43498619105,396041.66
261278.6595967726,345409.6779331368,168227.81
451972.6543524982,508375.29906538787,479923.8
953007.9915563988,1396431.4217226205,1392912.9
592070.8825009958,392655.69750836387,358848.12
1368608.5077431889,1212231.5573381202,1256799.8
36622.35290276264,39595.93577598389,37755.883
99949.1143168798,133865.7872196147,147760.9
238638.4601605396,318617.12873468635,280504.2
18907.190103962566,27033.629600699573,-6449.324
739242.2462618583,789362.633505643,825739.06
111967.43523619276,127508.29420058295,88124.516
483811.1118409719,433845.3850037629,369293.12
211896.44810604965,335559.5189763566,306488.88
302178.2863886973,348622.4898659579,254771.2
902317.5460862364,543536.6414895674,439447.4
1568766.284265648,1718828.8138720158,1560490.6
324026.7513278455,513128.91916598805,504160.12
207728.06128166727,250760.9805592796,268244.6
312844.3820077101,471231.40334683866,444987.94
1027191.593897948,1177193.1068696277,1286850.4
1139040.4266997024,1127162.1539596193,1343996.5
525154.8661098594,555772.9145849703,507381.84
340193.1397290247,524776.3818352635,472017.3
721891.8525797304,645387.9652030239,623381.8
746320.5196413518,789298.0625237806,792071.7
682780.7411214219,403575.24671258114,329878.8
550905.638284192,743085.6151828037,669088.44
1039668.642457504,1254289.6016157547,1279529.0
1236218.4606617012,1148939.39054145,1133899.8
701106.1131565203,498479.7016038267,498416.75
47445.83538383833,55189.45165852273,42725.777
1044245.4842218396,786503.6302551957,810393.6
922557.2640049373,787729.5404422926,812565.94
306571.4476586121,445341.4977269845,576458.06
828761.4245089717,584602.3480704832,676367.7
787161.9962179896,931518.3476910279,900345.0
867583.7737434085,1004366.4857881316,905608.25
255156.06257014448,487485.7883722075,498069.88
539045.9169328697,590839.578440538,537205.6
154014.95562498964,236182.44355484284,158157.81
57617.75363258624,73795.57018289313,40157.695
297326.25829739094,268359.78565724654,282205.38
780027.9459093214,929376.4878364009,916806.56
20681.082084485763,16978.60693564561,18910.031
581760.5144559738,690321.3901565664,664571.25
171836.2221052482,123779.1245259028,102453.95
994673.968057676,780593.0283018411,779636.2
149481.4646967345,147782.15011681308,211401.64
63786.58117477376,50922.99047073068,102932.96
860488.5867917921,827276.7175239335,825715.75
751486.4399835605,692970.1531431983,699572.4
233982.56904070269,325118.108325,268877.53
132724.1385798985,96187.80869267075,99300.06
362895.94320723705,456000.7600486331,378775.3
33728.78953371162,27533.75333169356,35621.54
313048.230816109,448041.53368817054,380822.84
1154308.7485197769,1008718.2993562355,1052865.1
319003.6529428515,412198.2925611557,385901.38
325911.8887701239,400728.69476325944,409978.88
260482.9285850397,243139.066349551,270750.2
459960.69873743306,586853.3232141905,641658.0
774639.7481009433,799194.1599153875,885545.56
525022.0571390754,515005.62406304665,494683.97
357364.2444438949,326668.61336312344,318683.2
1041013.0437871672,854995.5400915706,859933.4
96243.3402523959,161102.03506744112,130290.484
85962.07530369476,102381.12771558302,86524.734
92499.62199117588,123288.72030223029,145345.17
1212652.5927361597,973190.2738587647,905585.56
191072.04522390652,238584.61853822586,394866.72
506403.54425641085,427317.3634860705,416991.66
43482.898443637474,42366.79102035769,90810.76
242840.828999089,311509.2416613294,377435.8
475284.56184610055,442680.34394085145,483017.97
500019.7902992437,568475.6687471766,519459.78
27120.82012908662,31054.841831236103,15485.3955
48116.50148823237,47376.70298220942,30950.486
1025208.5271633636,939586.2272917536,1027729.56
142725.0828086404,157868.44297344913,158597.22
54834.929837778414,62892.10466597342,53716.637
1707275.4163087944,1663550.5344869015,1601569.0
82820.87021806758,99449.28550847435,110059.55
194447.19207552949,222387.25819573275,234178.25
609979.4332977935,728883.2669156044,599582.25
1216372.7394330378,1266514.6503994337,1235776.6
78032.70965204702,100668.5433686585,40505.062
902004.8771284402,742099.1896309401,732683.06
73054.77777855047,143239.03542058944,145345.5
1233157.1941308377,1364286.8511592308,1241820.2
608846.304911884,701829.9613960764,674671.3
23840.99032883396,19175.512249496092,29949.455
1095626.1616704029,1052569.6786670208,948940.2
12203.966007996354,17303.950307108942,18257.904
84743.65113334126,78210.50888839149,41478.5
533413.7022137411,486443.28211127647,512697.9
1136208.6540554678,1113024.213582139,1132841.2
27445.476252656536,46614.43041655401,12981.475
341901.83429040253,425575.5227695382,393051.94
85932.38087280237,80262.1539812836,85630.43
319523.8177523672,257988.82068864495,225104.83
468298.2715614641,191409.28562352736,97022.6
522598.1759914993,705297.1187186942,707910.1
1612759.8064773472,1706877.6147577006,1874448.2
1415522.6725011664,875297.0900022574,812108.94
170461.80240517505,111431.36590806601,226619.73
145825.64629994478,213157.12882747434,238427.47
618828.7889848439,672378.3996200158,631224.75
1520283.1494593157,1514250.5656462407,1536567.8
729309.5511296161,1059344.285735673,984393.9
190935.70886222145,150816.5621949362,115736.086
1477238.5918501208,1384265.5217379266,1350078.5
9221.693522511678,12705.600674325287,5971.9707
449456.5343798724,564027.1543111849,521264.62
993964.126222918,789409.0291292006,819489.25
1154149.7722765263,1361136.9667352291,1349636.0
281336.5049092831,414644.3191818092,452964.12
549092.0038035745,502900.6770173929,452442.5
920372.2701663154,967194.3259076215,918803.5
1044039.7704652584,1281662.3672584982,1255486.6
129457.83831339658,134033.6241829281,40933.42
32353.4516183666,33695.55929194535,34483.02
430455.08093269577,404560.38016574865,352298.34
401709.764494668,364105.7462256077,358708.47
933968.7329594778,1118021.5989960008,1133932.5
1634760.3658524884,1617902.9901399992,1715251.0
750294.0012794017,726275.2104847537,828793.1
799719.3685803807,731572.7515582888,674302.9
155496.71380719173,198297.38887733535,223699.39
1198272.5937337691,1166680.0680049441,1194011.4
24442.700314891747,34846.98558903716,7713.2866
406628.6211328833,450342.62768528814,389835.6
117829.37187455384,130435.48034284146,176694.7
263424.2393619522,232027.62307264426,167033.17
303375.34309659695,417545.03176527837,405669.25
183011.2923981581,197233.28364644514,244961.25
1180574.272082005,1251679.444363538,1416595.9
144612.1342606799,206256.19190060318,155468.58
528094.5330748518,680089.6264732474,822848.06
660497.26461006,656138.9504544205,628063.44
1120510.7602072516,1200763.5867705115,1158682.5
1359394.7328310637,1454158.6466250762,1351096.5
96876.51314125792,125387.62183884007,116306.34
1482779.7314962242,1719797.6441993387,1812898.2
112064.98349361942,155889.1926308397,78691.01
214561.28771176815,253272.3258488373,275988.06
1227064.3767088302,841474.1338862512,864995.75
787505.4959405172,795651.5868631346,777407.2
296055.8610299334,424774.77959781146,428485.12
921681.900769565,950486.7536823419,945115.1
852777.3297611906,899436.7710687448,901974.4
582238.5820260468,774386.2030900014,848653.6
135664.2492102409,144504.87360196724,118830.86
551953.6798680432,507271.45264939,478366.75
54552.78411951564,76951.25422792115,65545.67
1543959.310094198,1073470.3858909446,914855.9
660218.6628512343,567639.8964050008,429747.66
370397.9865498118,313082.4287246549,242922.23
76912.29140137784,93440.53547924367,58045.938
1225739.2211263753,1283914.7650786517,1394911.2
292583.06994386006,270891.21431906,267412.12
230638.2916835188,326981.25391352194,333403.9
168972.26672198414,198514.49148728375,208131.84
1665455.286835747,1494248.4584912702,1482922.4
1510723.2269974053,1254993.7855012254,1234310.6
1095956.8799747245,1200970.6768104625,1114589.8
142466.95327767526,195337.51444550374,166032.77
1193647.8978497095,677850.9085650342,762522.44
392353.2820160545,252887.6643626089,214576.98
32513.420589797493,30795.030796787432,86388.04
177424.67222738246,209267.35030129342,189625.34
33133.84847457483,32982.9512057957,121789.84
146679.37990565057,168601.02933856688,209238.75
774128.0509903018,773928.0145654309,731583.9
1171544.6594333546,1034736.8045612153,1039258.06
1681628.2911077845,1682317.5447399584,1502365.0
469724.69654082577,469213.2429852752,499923.72
1498685.4738257152,1371450.347813527,1347796.6
290574.4671878742,397644.0197832925,359094.28
62631.2638477909,73027.18714175075,106657.07
767478.1286381313,935862.6551003653,951943.2
26863.53367855728,28511.566446154484,43723.11
240648.1781458505,362158.7982346367,426018.97
275193.2253989399,303725.5176907171,314750.4
627906.9411505314,609278.7959799484,611396.8
503736.8843405769,533645.0761730651,521537.38
570782.8427456118,499107.1762923832,519045.0
700715.2630907714,732057.2822141855,725927.4
709519.4549093359,399751.06232439296,448078.4
89033.8704296746,78802.83542698232,148696.9
1647830.8104220645,1698119.2705446226,1651610.1
733959.9861978679,795668.4354794503,693962.75
254265.02499729284,323100.7303762233,403616.03
105747.2533940227,115902.61407229956,87374.18
328174.00310463726,274534.1534040548,293471.6
478769.9517961448,378712.61568049947,293640.97
125624.83490097676,107193.82175724313,119027.1
1398606.1683608645,912637.2231983586,953709.5
271398.28070319194,481793.3524003359,473167.38
764288.4107975495,793707.0804409982,829772.1
491415.3267671047,413012.2293916896,394929.62
143418.2781587932,106502.59076758148,118545.08
345274.03189895407,470644.6173414005,396104.3
99537.6916954371,91903.37345390495,57529.75
117039.48099639032,154909.8116072468,122681.7
78933.90891861303,89393.13578782669,70660.15
931482.923120616,982220.6648581101,950483.94
207852.3802331944,140373.7701948149,131741.02
1540494.9446318597,1657643.3516618602,1550436.6
213357.11722054385,352217.599315993,374989.06
201931.25105047435,295794.0693117819,253343.19
824780.6212074861,663683.3403950721,636829.4
79122.46127825681,71737.16775866396,41604.027
381046.1374998618,278929.5354865133,239596.2
310020.4257171138,255057.67832689863,385051.34
822141.1354149327,815641.2725692558,934473.7
184922.9863822268,170072.10625179068,219896.92
1206442.397375286,1090098.1822193966,1079125.5
564411.8695729732,772196.0882835032,763152.3
743859.8035471586,652247.3669954197,626519.9
101053.71101730998,175355.9236828371,161573.39
121749.94037778676,106463.98770332469,122235.56
28322.433060193995,25839.16221127113,30299.686
31743.8662436921,31221.754788725906,55230.242
132912.7220838078,151474.60192973734,164566.95
551533.5771659283,879011.1609770949,863742.75
1674760.066732454,1053691.8740578382,1083023.4
247227.8116699365,216029.97085815325,212500.23
1380744.7384193134,869087.2265417678,838561.3
971642.1165158616,938646.8257294014,995939.2
149818.46358014035,148136.9950313004,105059.28
533347.2451933873,520849.95148922724,529832.75
452721.7912382031,596009.8754407344,599510.7
47856.4386918383,52388.66174606384,-7488.939
253888.18082640303,269831.180939665,250589.08
210677.1684879115,198603.4519579211,185871.17
355231.3321105613,249157.53943258506,290790.66
1089246.0424014814,1280510.985726743,1076725.5
420960.54647983226,499451.8920305202,458828.6
31663.227002713116,29642.451561163663,47862.453
508979.3876003377,564469.241061215,524713.94
874773.5560168747,626186.7970720683,644965.7
1321533.5557960763,1274093.183215296,1283882.6
726778.6752668583,850214.9987831237,848490.25
38127.59449105217,37739.01331421296,81270.13
506553.7165732314,603824.3616200665,626331.0
1182993.691434537,864915.9075926372,827732.8
9871.998533930531,16304.231204294252,57275.676
309359.6617956039,359751.2679660041,289588.0
80917.84473735285,80685.31356486474,132145.64
935526.3669831792,906162.292458109,905849.2
1779924.5705034663,1363037.6446854207,1395520.5
508105.22275169054,724076.7688228835,686138.4
281678.86763937667,383893.7735823029,246556.48
628990.9211982418,700808.2582713165,549638.44
797073.9305514807,796765.7473768576,762941.3
279155.3801347706,289055.88731507363,304418.3
730585.9749137221,937709.4117497944,953038.3
866518.4711190736,553162.0752302117,482947.0
807278.2111665307,692385.4128290714,779420.75
194443.5382703766,206407.047795546,252039.33
935520.1624270824,713950.1315954514,856929.6
708851.9095528579,532369.4157846268,449182.8
552345.1173293373,716842.9798689478,522368.03
1377497.8262730937,1100567.1830036817,996459.3
703455.6096204185,727053.6534768482,833476.94
896801.7182187967,857125.1958308349,945499.44
455734.2331422496,534408.2091972923,427687.16
500532.4510896439,302719.16934501455,289039.2
422697.8701575865,536894.9135762051,576620.75
420151.23108916805,306241.5154378866,325493.78
409804.5630385138,345105.92682720924,343116.5
49092.99041238369,56088.95273035282,11874.081
767341.8873315359,761794.4624504267,644082.56
71808.9031790313,75151.41402176,171981.77
100410.798314204,113055.4822119046,160796.42
133082.66829504562,167070.26968809473,153103.77
812598.1809675486,716108.141823136,711444.3
1153244.1468083106,753608.9777924217,684072.7
230611.54279434492,228823.81620998876,256375.45
173547.3324956605,116049.1895908037,138295.27
211472.27347096067,233888.94056565623,200439.95
50543.14730783746,55242.80354005475,61748.703
1045375.469053718,1224495.19043164,1213010.9
1537927.758656041,1446341.9957274117,1485611.0
697765.7154139712,957068.3055572733,1027011.4
280034.1177126422,522630.17329465813,531153.9
250662.41665958465,211835.95972085686,142298.23
80550.78506990305,54063.96978382847,43535.797
163640.759683079,237779.8666527814,264986.3
1405167.159361492,994625.0426555797,971992.75
553470.8684182111,510254.0211894576,473207.94
58438.38948950721,60840.494679418895,88295.95
438775.6257885784,692617.142584477,749056.56
88291.87902635783,98541.06356744296,104789.39
359582.96956259204,507569.55908702494,520622.1
835587.8139232474,990351.4774691485,826917.25
52674.742558722966,70676.62135511491,78111.61
188148.93717083905,146876.3753220398,142917.17
395263.92391123925,464680.83301848016,480168.78
652324.1785449907,649765.2146309171,516153.47
754850.9226213471,814663.7455529398,749216.3
64944.76637632392,94131.6961830245,66999.31
935096.3785949444,960269.1069619148,1065515.0
36695.36045550676,36958.82897581534,-2684.315
12948.948839796749,16140.133473830836,-249.28711
432412.37690461375,474254.3119785448,491424.16
450033.556163076,613670.3159095048,716961.25
1009540.2235988784,925527.4583673202,918182.6
114301.27660329262,78367.81236463093,90625.89
1100493.9320928133,1189711.7031178905,1189794.4
464174.5623752951,394120.2329435527,432497.47
496867.4530162655,284533.3104644548,247749.1
37050.84419913455,42713.73924864449,71830.91
78593.82244713284,117290.55281575437,169762.52
40490.48226977725,54502.26530391843,99749.12
590949.3116270296,573884.494832071,577543.9
15540.74618542696,16557.08386119896,11733.836
212460.47117471969,297412.3351371894,340376.03
367015.35870838375,470246.70225483575,482208.72
229215.07275066245,217789.26151275862,206743.97
7023.295511288007,16022.122475607262,71666.96
62445.52432721014,97493.24298085192,203727.12
353250.73480691947,446767.413004369,463622.88
225529.2040221488,382027.9786043327,359058.75
51763.68590489549,60518.87464452538,43024.47
66314.42393792761,93224.63473293537,102812.305
857510.253755122,923026.7733408808,903353.0
946372.8665296342,1119664.2531727385,1260653.8
1454676.3912187123,1315816.9240246913,1415932.0
216653.55560137413,228045.23903555135,215466.7
121999.53988615247,129004.36009625549,166760.83
60098.6914185243,107001.77583931174,99829.6
816033.3260523085,565381.2642383581,692344.9
323215.6376461642,377832.0218901581,415919.94
410267.9924794141,567978.4266226871,527568.1
244236.1023498336,337814.2302309349,336201.7
27106.306462979268,24277.138194168663,62706.906
519205.529308969,630425.7195389008,690598.3
224789.830311832,188042.10281723045,166549.14
1414793.6370893642,1304684.174997726,1290549.8
970449.916903693,1070899.1577884993,1201493.0
446928.4860707621,481133.5777040015,464599.16
201881.92434317432,218081.05108111765,178356.53
371411.8656051054,355359.48952828825,386643.06
1669316.127703881,1573163.8077546493,1444410.1
1671218.9763997125,868142.2835556343,870460.4
374920.69116501015,427725.135064153,532378.4
348454.93912732985,310364.5340313886,247242.56
33163.66297932152,40113.99357944092,19457.3
42314.57895186831,30460.448398512417,34507.875
846493.3022394618,1244554.555422928,1143568.8
25457.75137058078,37760.495303379204,12654.924
876335.7878400973,907764.2065994382,1074978.5
364410.451056594,315877.76996824436,286212.28
228275.93608562092,324830.0759392538,289132.44
251345.7945538174,217380.91380146026,309510.56
391791.4398993981,415620.8044219449,407489.75
1245288.529140942,1458943.7920421981,1364708.6
189192.15293272125,315714.8619893533,334150.78
485812.8457021295,419103.1759514204,363632.1
1319132.084447346,1269047.5603489508,1228152.1
1197276.0323496428,1128522.4108499931,1179433.0
236859.44151716275,228794.01612207532,261362.25
149469.42318408782,212150.93992692203,227832.7
444093.8100513172,579775.9598166584,583113.75
16775.836157706806,18484.02997359808,37621.105
188933.436691052,227658.50578194953,217422.38
137225.95004069994,125628.33097803428,100524.36
1322801.5667338858,1004655.0473029533,820973.75
166754.83272805973,220950.96695875534,302723.56
154610.27963890665,180731.07555276656,193364.94
115981.15376840612,103003.04606866292,89372.06
12642.85006650593,15451.70503060339,55930.46
411007.079694763,645494.0326686436,495240.5
1348401.2563822072,930454.1087046458,950912.25
211653.26839412365,199870.9341955217,233237.42
160079.36006790216,218202.0746430411,239805.3
587541.2938217698,707374.8776622213,821595.5
13801.81212449372,15865.51548143002,46565.78
115775.88970082128,179242.4638819874,182451.19
301753.074462389,292467.8456908905,345971.03
888979.6129954382,772078.8409853614,734826.9
692239.0669257812,710837.8598495327,652427.1
57683.205769248176,60573.675811767134,44583.89
371502.68845414335,491280.14621959894,490816.3
187406.0238975415,212053.8008525281,146765.84
134663.50724752125,180458.99199211877,235463.03
400874.86697948026,369411.14406441903,380841.78
308708.26418211806,169578.66444584006,143736.02
533172.2612210335,668430.0939884444,548639.9
1196099.2814441817,1301883.4262899058,1272639.9
430801.45336678176,451360.5029564498,425496.47
1903035.360149331,1763410.5297261702,1860683.6
48543.60415021093,49866.17063380301,90637.08
793498.3649261775,903464.6761346102,852703.6
605181.7263670086,561762.5991318435,597216.94
376327.5381008562,574268.1871377277,728259.6
40295.372706580165,63918.17187448409,42843.766
517006.6259525754,501200.1897172858,442219.5
1046722.1668541085,1203404.656790465,1293331.5
776220.2437686594,1046408.0583650199,1095199.1
467276.0891167137,504943.4756357394,631525.0
55836.07537915871,59128.650745373394,5757.619
1268481.1647562515,1273359.5180876895,1309562.2
685142.8059787657,614720.7452192949,710867.94
461649.435743212,795279.7756228789,785788.6
25044.06439085492,40153.390621577855,27929.762
1086076.2048672216,573812.2989447133,548846.5
320813.09217065934,311348.14969102904,402531.62
1248471.8628983395,1157867.1329276196,1219397.6
373683.5570524152,280552.8544955048,312610.7
92926.20724779472,81653.04652349591,103800.64
108103.8537878042,152264.93279740796,121383.07
240277.982029548,406899.30716408096,424930.38
1010724.406190792,1019335.6534009888,1119471.9
388529.8159421306,329703.5338117731,403390.06
104874.7653793927,186142.42517742526,240420.92
212959.0005259023,221238.50386248573,223182.42
262963.76055036834,234107.31739357283,247227.53
135793.99754275716,155733.6102238649,159048.16
83612.95490558955,86986.50676299747,29726.197
586857.3866808398,435002.7386050031,446912.16
923246.3917053528,904589.9858233471,886258.56
327010.5375278742,262523.163100271,245157.72
201829.00298359653,254440.44298117273,203790.25
20628.25885846663,20915.11973879697,-11751.955
259850.1454912981,349954.5701341257,363479.0
9150.849052196892,16440.9251863779,36796.27
590932.6008780128,642097.9614765893,822350.4
666587.0129530882,687154.967343166,736431.3
356044.9215699393,498833.3429511336,515815.12
1394946.4999073034,1418877.7562268837,1488176.8
403362.6893762534,492586.5389906687,578818.56
89646.50063418994,86621.30850543577,67124.19
838365.0722686056,663392.418977426,514942.12
960011.081392676,1129675.3692699694,855857.1
788038.88704584,936907.5501058361,958448.3
314291.9898824807,383178.24977982434,435545.88
141307.4187948495,77228.38509100053,87538.05
140747.07455563595,128910.5388159523,22951.264
767519.5549876938,726303.4197932235,727660.5
1689294.0016572084,1627791.77376493,1511142.1
422417.7623559176,701028.0712258258,678946.0
1810532.0153261283,1651969.828955313,1495767.1
461318.7597079972,585168.1792520325,624669.3
98930.67107227868,90919.33502735227,67494.92
566064.5296451584,507509.1277361747,453930.84
208020.438702768,174746.1169631502,240415.81
491799.2636783326,349014.0484338312,277815.78
82775.15667540069,67538.84314733165,20408.947
565649.9028696885,487838.71807483904,511636.72
1089887.1856135242,1149206.3136753764,1090146.5
1222109.1789183696,1115829.2044125656,1062246.1
791804.8763130879,828261.1002253077,730782.94
578329.6869920612,690351.2423149791,650712.3
846928.271257587,874828.253171976,891019.0
33293.41520620143,40341.46127286491,64309.973
65529.07774732419,116548.38479511195,109997.945
152624.69395583082,243641.32293921334,85326.375
119936.6224390801,127120.21884105894,89520.87
376527.24832247256,422575.92676269973,355080.56
1741112.675586187,1150632.2316202987,1348125.2
376384.445864203,410768.2285206604,355008.34
1057723.8816431272,933614.7788085412,1070279.8
182847.82204854,234138.05392962456,264425.44
77670.97861032051,113402.26436009152,171360.12
54522.0975041775,73538.32134512305,61307.91
150589.57528638796,213292.5321510731,197952.14
692557.0789489971,811337.9017144499,824364.56
39048.716705983694,56627.76684656953,78663.44
1315451.517743519,1148338.4739595375,1153630.9
890925.3271151973,749086.5512273423,646572.4
38987.59371730381,55083.663765334655,113830.94
163341.7562909774,139004.29162984493,159146.8
650731.2896755349,732021.5152707258,665835.2
244339.62212101545,266068.2591551042,259768.67
80211.08024899378,111544.39131490192,137113.33
119114.15270892553,121212.31431220725,143512.53
51760.018800604834,48792.71601676744,52336.438
51942.02210690432,84412.108884389,27313.855
313369.6297161476,189080.29548166343,238057.83
516955.12086694303,498352.2180342264,548948.0
463436.2761581122,408849.47587027657,448229.9
273243.30437279295,417271.70982457796,495543.84
18974.684607935134,29217.662320874195,83625.52
485272.25914536585,508410.9350550584,539149.94
58521.0661671778,78165.98387082847,47669.727
1281222.3889726908,882230.7567838905,848934.2
25501.753814960488,30181.717101392085,92444.7
307228.0471856721,414439.0723336595,437125.22
303948.32393179584,284234.0231608085,309091.72
1330114.7160217466,1601818.8688841078,1588459.5
1765471.717694929,1785729.2815674022,1961968.5
731190.460733304,1018328.9999879414,988863.8
148169.28259010552,168691.23427162957,168483.45
1328130.254045101,1427776.9802049652,1307261.2
349180.757609026,372224.7895254198,320559.28
199536.00489520928,265399.8437023533,234034.3
1253668.508953697,1218624.7962586998,1240682.0
422040.6237783949,466210.097908135,385634.0
25275.054478410355,30520.928917528203,32461.268
50114.49996065139,37304.407367808446,39102.023
433342.1192783502,412733.60513159796,444732.38
176090.41058398443,225717.0303184401,182782.72
342104.097474676,411632.7173435304,418000.75
1425892.4417630243,1371807.3736604115,1236453.1
350880.1812704395,477901.22429112205,451266.66
631945.8182079296,348260.31795722427,376085.62
197990.6012261097,226435.40452628015,231278.9
5672.432460242513,14010.156307429788,-6026.1865
96235.7605975173,159111.9029152081,126074.164
710476.4972564451,807262.4072407584,767733.94
786321.7174307768,911955.1287750102,921823.06
678840.2278631866,884696.1690366784,1000297.56
232817.19341895965,232590.9454879988,210012.77
183338.43673371847,223461.63583541286,337098.1
343652.1101202356,337451.1142014821,244606.03
141016.54252336148,116454.5392128144,76804.586
129833.3856898027,121218.56605495108,50956.85
55336.93411307947,98109.55217255239,114114.89
733533.2745035575,813905.92237166,814335.5
1139848.0889385391,1148286.4632454927,1245536.2
701530.2767042923,808300.2711132349,767197.9
472537.5930776536,505236.1539722903,432640.94
122608.79146110135,129571.14384898107,167399.83
1034409.3515342184,1123136.147397925,1020336.75
802215.2351999988,738299.8757243817,777347.4
472189.6893285808,537538.0123091756,609559.3
1730556.3881461886,1584740.1160775959,1664276.2
16862.469467598057,23425.069612104722,2762.2676
68982.41208776138,72015.50307335486,70473.45
156833.044259767,171512.5718333349,122074.64
320882.4547024323,308611.7478436583,399489.28
271394.11346509226,250309.14229952113,272740.72
657460.6731406222,605866.3022219964,413805.6
381280.9748409356,413688.5391891614,392462.84
218926.3566403558,339517.5105825641,283348.4
225537.10042939865,319930.00151626236,337643.8
253456.80290164304,141489.9840275325,133183.08
615011.6215153595,602021.7269057408,641786.2
338576.774649703,536423.2236026317,501490.28
457227.2563358726,478971.3844805906,462745.6
161929.42898192542,118325.58823560068,151852.53
142166.6967569436,173403.60370027047,171740.94
59274.03682144333,49292.42977155459,99602.05
535320.3575015897,756719.4545299968,722517.75
1312519.0341877202,1101724.2870476453,1036280.75
1208632.9348580318,1100941.1997203464,1041495.5
307870.7414938724,176269.58305531665,212555.17
1178419.124152596,1366367.8866093147,1309534.4
1403900.7295013152,1230624.7610533945,1179156.9
187767.81026262505,242233.96749722736,235893.98
51302.63822700963,58382.322511258324,208224.17
1817190.96604266,1337723.6220682196,1341650.4
611134.1520344985,482919.75125084026,526979.9
537807.7026239621,493843.6994780132,470318.34
1230798.5919426924,1425195.4738452884,1480953.2
1342658.7192090375,930560.1416383438,962173.06
83304.14236769143,178596.8729837417,248484.2
908264.7707300284,713549.2662196127,905603.8
1416368.7506220206,1008906.836747386,1099424.9
572670.4514290422,895687.0269638812,798156.44
199170.99758783623,197456.9666825722,204825.39
238520.1666259464,228494.52984855522,279469.5
266902.57018359523,228587.92822636373,235779.1
107665.40983253876,157047.583379708,117982.97
638422.515854873,825468.655625604,911253.06
577484.0084496654,546807.9531507356,634002.56
376497.0881200676,557733.8829326186,570149.44
789117.5342296775,875709.4597692097,876749.4
13639.502021728997,20442.653014108833,23324.2
421672.4146614741,413892.23696378735,366809.0
630121.9013658885,780461.1870283149,805495.94
272386.8168491037,402524.9542849115,402442.22
909508.3188214524,1038187.009368012,1028154.94
32881.8116242033,40353.93781856804,-33010.44
517778.5162655524,865853.8599753241,945463.4
1097157.7711058597,866613.4777290726,942919.6
668574.3330939242,913523.499462592,886941.2
33266.10241617088,48531.79706808445,71145.195
387885.45571563375,376800.94405258907,309296.44
259069.51193567168,399807.20433728077,412305.0
93439.487243472,95970.07789487785,83332.516
368213.3372681148,234503.00365683966,202321.8
520252.7552284164,398318.64977272786,448335.44
222868.00909054343,156363.6030998521,199592.31
3770.495424731713,8527.286542854348,-39933.72
297802.0938771201,290988.055871603,302632.25
659756.4501893308,576885.0863458301,570776.94
265060.5714638472,204173.7242700897,178015.22
1211642.8468017103,935259.8474624663,861809.6
1442830.4312898342,1444097.127988297,1483389.1
552212.5681595044,462578.259945857,423294.62
73298.55748476734,50339.37008658312,55766.066
177697.79677905893,251669.46993668328,232350.19
575921.0382267104,561558.4039274346,682152.8
152116.73356376696,176244.5133071155,210192.22
80085.77751587036,99967.30962922485,81801.305
514135.5131166873,731435.3217675852,704834.0
94036.4338952946,88251.05291401154,111145.836
410017.338486756,371290.089406394,354120.25
309774.3683272829,426635.26540557033,290852.7
855083.7974174267,1146163.1595078777,1077957.2
726246.0277134336,706128.8165325739,691316.8
48962.001443857225,75051.60060766301,183111.23
655840.0722798061,757095.32762766,731782.94
1227488.7006193143,1336075.157309611,1422902.2
1007463.087412548,1257168.1423292055,1097236.9
75461.55552406906,81597.80033867844,37805.19
443139.46712863096,470519.7549346186,515692.47
1809103.5765628165,1169609.6153374044,1141610.6
163240.14993116527,120579.04530659616,112255.09
1204225.2808530792,1058034.6611684693,935666.3
599083.6140041681,492238.96521742584,486346.84
169305.0190636424,133096.18247074357,218068.45
146285.75093805467,135589.72914899053,127577.61
239620.3679414035,409410.2997670956,421676.94
76740.19078646979,103075.88103098681,111409.53
122045.23363676804,159504.09290513574,101856.98
79200.62628661151,111283.65619780109,188888.19
184330.70896708465,242607.29554209442,313189.8
1202436.6388675554,1017507.5328431465,1174150.9
495029.6192287223,404584.6007362908,431374.75
1587830.946621733,644039.5126405639,530389.7
68178.04709058582,40748.512683392655,16142.184
442381.937684771,586450.416088815,631217.94
1139721.865685216,1236178.1875997158,1303055.6
682201.9337031659,529842.3736452595,507250.06
789685.805461252,945509.0763940534,916704.06
14671.839929589278,15396.705986540608,2769.8967
73025.35623680451,78239.16413678693,25905.086
1442013.448222168,1480218.0112957573,1446415.4
1339071.1567191924,1483063.0930990514,1393058.8
1123830.6430355762,1249995.8281509941,1419768.4
1128683.7950249566,1226940.490425118,1231247.2
267061.68942638906,224672.23055766354,266226.47
1622480.5962634024,1454805.6960290466,1550786.5
1088551.5044921774,946757.8730613859,991011.7
187993.9180462586,190618.07661048125,251365.94
488024.4168343627,474535.9161804972,389299.94
116710.51319521324,133460.19133746315,148301.25
446950.8391738086,372182.3456322248,352190.38
485742.6479459501,807412.7767586345,525727.44
898958.2666573295,933524.1014740801,976227.44
659653.6509913252,585572.8809600394,604287.0
900983.6301133666,1121628.4753498323,1060308.6
986497.6725384432,1130751.0318711563,1065178.4
87629.00911832681,103419.55689803613,106298.05
339855.1541516377,160342.13395184677,247719.36
229429.5171092303,207424.02701995347,268371.06
21812.294027317217,37530.025646208975,37017.887
1058953.8972802083,649732.8182827835,653029.1
777574.2485737765,784016.1947433432,793538.06
22901.8007189712,18716.965640478673,22331.492
137844.76304791687,121394.83444347038,147755.44
227005.37081724836,230298.29872801996,176604.78
57064.21356169925,38651.07752412341,48736.68
185289.89335353795,234893.74668675306,300697.47
604327.6596465858,704251.6503096777,731121.75
334769.9253234713,291892.1943359744,236238.77
1198801.826661316,830466.9244805613,855535.5
109964.37783319164,184647.25310891052,152275.47
168291.95839543024,138109.2074338916,178013.19
125271.14516851136,107721.84051573821,86548.195
284260.0275154741,303128.5376802504,375126.34
220321.15670482733,202447.88459677383,227480.81
87609.76505669016,120610.99092697217,136177.98
1045365.3926272033,812229.845473241,720109.94
1008880.9546431808,964706.9940158181,923095.4
423440.9412197551,327897.0837551093,337514.6
914672.6616877896,1107248.8123396873,1102106.8
74113.9244229454,90026.2208581076,69830.695
104428.24274910906,106267.03233063642,26486.555
857919.077991737,835468.9116263757,829902.5
679157.3999874201,896058.0643420203,937043.56
64418.22551940169,50395.56062338465,23480.9
348586.1093856362,674743.4429664228,641995.8
502640.35469450674,573474.1906260507,578288.9
677680.9101688692,595133.9194875084,639740.7
901429.5330179108,780989.1540337561,783384.3
28747.0402056706,35071.655591981915,14658.45
702488.8378969989,695702.2732661783,686372.06
94300.335209226,63452.68353580475,60155.31
231509.09438676672,201837.7318614918,230165.45
1348269.0928660324,1502834.9524984064,1445449.1
33713.54304562576,49281.80605319641,34257.453
67265.47182361266,55376.067225477454,72586.13
705292.1462573161,847784.456327646,748906.6
373098.3855907528,427631.6473218412,410873.28
352225.3718421047,377595.5709564391,351764.12
220066.7580118753,251904.99124502964,244410.5
24167.492468243305,35607.317795413735,62736.84
309075.61360967695,407233.232898727,363451.62
44532.6568610314,39692.85314365264,17607.828
17596.084771279675,16854.055172278386,24603.719
229140.46329041544,212733.26902217968,262272.5
698983.4934346135,741100.3467874828,827992.9
1777163.5615694406,1377167.2488118962,1334757.5
282374.3292656558,275713.50201461284,248717.27
223085.0144445422,267203.6106085151,259745.94
919530.97025061,938650.9674390777,977439.1
951501.8863092212,875771.8098623427,910637.1
346607.23931175267,396947.3179135201,502158.38
180742.5887225916,258666.91492926405,185410.48
263606.06754131644,192020.6389641165,247068.97
154780.71031696262,238906.7498764785,355834.44
297932.68055211566,317090.8355858669,262702.38
802643.6791785825,904595.059820915,825061.0
52987.41561776122,85843.68477609855,96779.8
884268.6293353766,931110.763949036,965427.75
460968.669831276,475059.59482609713,452958.44
68760.27407224887,97653.94005096496,76112.01
769596.3476095368,883313.2837024399,903158.06
918922.049906179,1294131.7549833811,1352296.6
45465.63482083443,52932.540559839355,23709.562
1417573.2900450968,1497436.6348517772,1568101.6
804071.8767791953,751041.4239004799,839842.56
466438.2152017488,420821.9140230234,506061.53
356187.4057884134,266670.020074398,284473.94
598854.1034732268,775621.0797210308,848349.25
353196.8149720417,285610.49911880406,322044.47
1252507.899864613,710103.2146769842,692335.25
638833.3157161248,660470.4654976844,555104.25
876960.0468297922,876504.9096949974,875669.6
610691.1970232548,511861.55900355265,480017.66
582916.5632077918,250666.99575231154,197574.53
180827.44118272827,265930.1456376493,338913.66
124610.55237699708,78453.78703692197,96395.266
618331.3593879284,519298.53467024036,478429.5
10271.004202135116,20141.36900332694,22929.25
20992.691475640604,21637.44901601329,21301.59
66842.73623547233,66480.07712605942,132700.53
173969.58010944971,244342.51912436078,283962.25
199002.5143913175,194322.4889274558,169353.11
54491.09943422853,45640.53606316198,125527.07
313252.6839962836,325825.69508017984,292812.44
1208171.2819852915,1091878.9333306674,1035983.25
1471180.801959827,1331911.294228579,1367918.5
556169.5398603597,803882.2204208411,869833.3
54419.33260747042,68037.6559013477,84048.87
1100861.312314527,1068781.5918153985,1048278.3
1810034.865397164,1533914.959181804,1469641.2
237493.4955346369,175380.66270611022,220537.44
452608.5339726393,765822.0034070404,618097.94
646202.6987897463,859556.3816087503,870648.25
1763403.5105219658,1753210.8722654155,1798019.5
354361.65422358963,449905.8840366407,450629.16
1242609.9554693543,937918.6881149816,1086272.4
574253.2558382453,295571.9989928034,351657.44
1200689.3552252452,1299943.3796204217,1303520.9
425858.5143153146,403078.1428320136,384211.88
570077.5554324451,292687.07294235687,300748.72
303462.90574000444,333536.6486379888,307536.53
309731.0460259873,282946.5867201149,363599.38
328368.11993538414,343555.7486357474,364123.1
325641.5721066806,286916.2884939404,293696.1
258358.026712359,449440.18010465644,241192.66
14691.733470901088,16499.19625382904,42930.48
109164.81941442173,147979.6897297156,159808.61
1041134.1214778742,947378.5246398686,951494.6
488717.20450876246,693112.0320861649,760591.9
271610.2482457387,401163.5864081608,343269.47
485665.7775531195,751846.2769535071,717861.5
53635.02302814842,48997.82742313802,10349.086
352316.117973393,240878.09857055097,269658.53
535310.7045498706,560810.8221890407,519334.25
383547.1629725039,391369.3955315221,458668.6
739432.9157854645,635671.0117707774,655902.8
99045.81095115632,129111.15789230127,85155.91
342151.69585545216,376150.42865798326,342645.53
1453289.2390396176,1089902.6140460423,1151139.5
926258.9595635432,1093446.4409973305,1179749.4
720252.3152763902,564625.8256365022,500605.56
128489.87583377966,113572.44111819303,145880.8
451332.4495408951,567537.444822829,566108.06
497611.69163372746,960860.8295662579,1174223.5
697004.710434455,617118.5951580481,590710.6
148686.05585464885,238101.21480687123,191794.02
849954.9042300163,846683.4549831381,792663.06
95711.05639057624,156019.07687236182,109273.99
189070.7953092961,202312.8249664055,175794.7
462802.2481641224,463644.89883954823,464543.6
1902186.5438533805,1359192.4877724352,1359826.5
197501.5980944692,211963.958936284,238147.86
52198.22496586824,66019.54567082298,74612.34
165816.0304031779,225602.08562660113,277447.75
256326.81343501125,262135.04983031962,280829.6
95651.13821661142,69894.98435388922,64119.582
73367.0156832104,90762.63022669945,73315.48
34221.76306393218,47925.21955729574,48012.273
43751.69352401851,32802.310233267584,70711.91
114081.47739309743,139168.3331387207,108291.44
1409370.9349180283,1167375.5730713552,1092696.8
293497.09324759047,382863.5676536828,453518.84
482825.35537874425,475017.69560960226,398756.1
818332.0164002057,1207986.6982970522,1006421.75
82423.54683591695,70540.65529913697,-4788.512
985004.9864742728,965615.5259888438,1223022.6
90945.04755697332,91009.80650429548,97226.42
1205997.7627537649,1335825.1322418517,1252612.2
210918.63605486203,429196.50395199074,399879.56
115564.1963388732,135981.80888178368,151392.61
67085.31296125105,73457.88085702658,74748.53
763676.6328747364,868182.3682580745,812207.4
295227.8196024412,185291.31323046878,174331.62
65042.18439097855,79333.08562369806,73817.97
1587549.4534331302,1184160.0851261609,1102771.5
383485.1855348327,527725.6511309486,551783.7
162881.6579090761,170634.62759156513,163985.28
1568914.527191217,1613060.5282412665,1509505.9
122290.248460691,122972.310542676,127634.47
968288.7833287816,1147677.8685373357,1229625.5
1049135.3367443057,1009126.3750291046,930935.6
256444.72273057437,318893.4711995766,329043.44
197424.34383503435,192175.2330520788,168230.19
212700.10643477176,272674.65767624835,252125.11
1662458.581329279,1212691.1931941456,1082846.6
304283.1030891644,399488.52956699475,442135.56
133926.32048500428,124530.02330962225,103570.36
630583.3661848385,784373.1616915796,955981.3
177258.88702980994,256672.1453555031,206662.53
268542.44850868464,200705.89365084656,165368.08
40451.59825807768,48384.4248868228,34570.215
1135961.358271975,1081753.9218485972,1115518.9
170271.40438541688,204336.7344108925,221847.31
1257547.9563386838,1074047.7961138247,1139107.1
1673430.6879812218,1539642.183530374,1403474.9
275645.1486398493,452105.6976622329,489793.2
907310.5531825442,855994.5630789406,756486.2
34341.0592202117,32438.919602772756,31559.639
293797.7311524216,394985.05305800156,404276.38
44425.30865297408,61615.20320541446,46032.426
980746.7445487058,610722.9065345285,670094.2
70961.36418954798,79590.09630588144,118742.23
608836.3989896899,651072.2661142201,488356.53
178428.89954558795,249047.32065868392,200886.11
203944.1401723382,243744.67100399325,340955.8
1260646.0565359453,858997.9906318741,873175.7
278481.30143703823,252534.53187373068,178554.83
211086.4201410654,284604.3939192143,225687.75
1382933.4133227356,1105235.1377800978,910871.6
58457.5471990968,79391.63212454012,88939.44
905028.8898289484,788424.0969714085,767588.75
807787.7086242894,675693.5224615643,609078.44
453692.6424080304,666078.8872697642,687315.06
119226.212421693,201882.76603476607,175508.47
192273.37255028047,169815.03223945972,162349.23
656284.9135968091,739146.8005604462,832453.9
612775.799927925,660060.3120610856,779297.75
693719.5567869224,409076.84474488563,435396.16
636219.5278004237,488023.73923310684,519661.62
270519.4424401788,213724.62082079184,221873.45
507428.535327324,673313.0142947908,734307.25
89941.97752867622,101154.25485709924,56754.56
677888.1896589966,795899.1472635682,745777.06
1386286.1759460866,1497906.944316041,1485177.5
1637872.0781327824,1519354.2558482855,1546338.0
134785.46539558045,142889.25532359746,119658.77
860007.9957583816,862995.1485007964,1018298.75
802732.934036055,864142.2037969381,856696.2
173083.75120284312,233791.25447997448,264916.22
445104.290113561,543107.0201787645,648887.44
68040.10471336328,70117.42601619526,79469.49
82631.74582388626,75700.21024788043,78825.97
133106.71040081035,103532.87505915217,92720.93
1270613.7324774023,1282032.4962732177,1409363.6
766616.7804032142,851593.2693030764,785336.4
613221.7353914727,915948.5213567276,987780.0
24493.029013931515,23901.913466661303,21746.836
135119.9439821521,117885.88816665378,108572.13
142139.8137873598,117479.70058611549,135608.88
32959.509120679184,36508.41675393839,49094.246
749716.2373419951,574980.81353992,586087.06
114558.08329237642,73763.05647047365,37585.523
860178.0622173963,669569.8593226299,697875.6
205009.4423290004,110713.74557832231,139213.4
3813.372529552983,15922.054965686633,46327.46
239617.80502342925,323369.7206000531,295038.44
1279698.6845803875,1290591.0030298766,1275771.4
403145.0881442168,631824.0412461438,754641.8
465521.9720066077,613454.8116953899,502319.97
696863.3047356674,700338.583119271,690813.25
263124.7385965625,213643.19378985584,264721.44
9855.870135115494,14765.071064185358,-6146.1396
192308.0619489657,187062.83888791365,219556.56
24315.7220494313,33733.62513380791,415.513
23288.67014338748,35927.395170300595,87953.05
799336.9381055546,884680.7372572795,881325.56
72877.16582075602,97875.33771147262,101948.58
544486.6881710971,665766.3549508691,645904.94
21232.133981395065,30669.88198775507,30549.326
160511.18965555335,123591.38688774644,159560.42
1614164.0373235375,1409853.0915618348,1426730.1
1201592.0130207278,1033072.8334567982,1000575.6
120074.41837704217,98132.3079273603,78996.695
689747.8909715472,668735.8264722838,667939.56
133014.66256753245,161633.29722733982,205282.72
605240.6660048359,635353.8760145734,689071.9
1100696.9125665694,1080928.6001339671,1102628.0
123312.5350044716,100446.97005314186,115381.64
390675.9843798703,437747.5119953752,360625.16
335286.4882419676,267137.976270022,225498.95
298734.88653992745,287751.2461254427,286177.78
872668.5230485458,803135.9834333234,976823.8
613927.3628557255,649687.8979209072,657774.44
521745.3080006354,671532.1328778331,680294.0
50587.01642449761,30577.709877810445,29255.834
126219.60481864966,188919.32795661088,177414.95
106530.38546003489,125737.62643174543,140837.86
376300.3157716439,533911.9883142958,521789.38
20032.754792867225,18516.761314430147,54619.996
1400224.01800429,1301494.246711031,1241863.8
402104.3213148881,499128.85134540446,517041.62
61400.52122393838,70613.36974467746,64795.28
840919.6200267589,816545.5629314589,851501.3
333697.7678806299,279406.0567650601,280785.16
306314.5475489417,306475.4685701689,325267.4
108626.77470899746,71962.02401184496,70920.766
495625.1688841696,483892.8008423853,452459.34
65638.80844666463,81203.41548707518,87020.21
276193.44430499163,401731.58503802697,404285.66
230002.57273801276,168990.10146364316,146005.66
141357.07141971693,223701.41938138637,193494.36
499858.7605317673,435896.6389330599,398961.6
1212392.9717298632,1308348.4127179023,1293536.1
1307780.1981050775,1324480.0302616574,1293718.1
60980.47860249959,76546.38151188608,42458.516
1193680.7360581711,1397526.315631477,1382949.8
97080.15595364595,82702.9752363386,62179.395
490974.7749567613,536107.3122472828,579771.1
214582.07083963163,251448.41930648024,335260.84
30849.171292188243,23842.133786870312,5201.2036
354736.7206436756,279645.91209675034,309164.97
22416.118454203686,18245.361712552356,40024.363
107678.88980196785,164181.31667900595,184045.42
982815.3101040605,622100.7734669831,586269.0
344349.5769736699,354793.56802205933,334066.38
57153.63263120874,64811.88382072746,49917.305
705359.0506813361,392179.6381109145,471751.75
1281849.945363924,820221.5613192363,902746.44
343117.51672497793,329465.42166184593,342646.6
797874.7079480147,669779.5810513208,713923.1
490964.8914828227,539562.356874654,466836.56
1035720.0712127693,1108252.3368432152,1245956.1
440276.5832006638,486256.7756622296,492342.53
21543.715392113445,39944.04547649642,28014.982
1244303.7226407724,1244582.6856201733,1328692.8
131046.65337876847,139389.62134887732,183312.66
399731.0056370681,543213.9088191873,448494.88
420950.7640775166,586731.7331850213,618108.2
50417.1606020214,61515.91551323494,13369.869
630627.5733591652,869473.7167830723,848761.2
190194.2187693988,238753.95277864876,242911.69
772870.6577960065,1135290.0262989972,1167375.8
61045.61899373731,94657.85372355166,79668.16
285043.07848131075,264197.2999140026,249071.05
219970.91513651185,251427.5315223902,359789.1
530076.2755156237,572596.5120226402,498804.1
104141.89894446824,96578.68580208631,70781.18
12315.872580559324,15239.714692795405,48421.195
686104.8396093915,887181.0563645377,905989.6
660324.3187522575,671956.0969566079,704801.25
45144.56830649439,56713.80211854832,91731.27
1086328.8144194782,1343880.5639841207,1300108.2
426662.18949434033,619931.515416361,587445.1
306279.1696541703,320996.10879442206,324643.72
258362.9156213361,287894.7198898273,294902.6
390722.2561946357,502325.5918172302,555453.3
310460.4372952436,464864.988493505,545240.75
1001119.9033306992,1163139.1704930332,1110126.9
663773.3910573906,852623.0470527769,874460.9
338307.664177159,416917.7629701919,474512.94
